id,漢字,拼音,中文翻譯
0001,たった今,たったいま,剛才
0002,今にも,いまにも,馬上、眼看就要
0003,もうすぐ,もうすぐ,快要、馬上
0004,さっき,さっき,剛才
0005,このごろ,このごろ,最近、近來
0006,最近,さいきん,最近
0007,この間,このあいだ,前幾天、這陣子
0008,今度,こんど,這次、下次
0009,いつでも,いつでも,隨時
0010,いつか,いつか,遲早、總有一天
0011,将来,しょうらい,將來
0012,昔,むかし,以前、過去
0013,ある日,あるひ,某一天
0014,昼間,ひるま,白天
0015,夕方,ゆうがた,傍晚
0016,夜中,よなか,半夜、深夜
0017,明日,あした,明天
0018,おととい,おととい,前天
0019,ゆうべ,ゆうべ,昨晚
0020,今夜,こんや,今晚
0021,今週,こんしゅう,這星期
0022,今月,こんげつ,這個月
0023,再来週,さらいしゅう,下下星期
0024,再来月,さらいげつ,下下個月
0025,再来年,さらいねん,後年
0026,おととし,おととし,前年
0027,毎週,まいしゅう,每週
0028,毎月,まいつき,每月
0029,毎年,まいねん,每年
0030,平日,へいじつ,平日、工作日
0031,最初,さいしょ,最初、開始
0032,最中,さいちゅう,正在...之中
0033,最後,さいご,最後
0036,妻,つま,妻子
0037,両親,りょうしん,父母、雙親
0038,息子,むすこ,兒子
0039,娘,むすめ,女兒
0040,お子さん,おこさん,您的孩子（尊稱）
0041,祖父,そふ,祖父、外祖父
0042,祖母,そぼ,祖母、外祖母
0043,孫,まご,孫子
0044,おじ,おじ,叔叔、伯伯、舅舅
0045,おば,おば,嬸嬸、姑姑、阿姨
0046,親戚,しんせき,親戚
0047,ペット,ぺっと,寵物
0048,似る,にる,相似
0049,心配をかける,しんぱいをかける,令人（擔心）
0050,叱る,しかる,責罵
0051,褒める,ほめる,稱讚
0052,飼う,かう,飼養
0054,マンション,まんしょん,公寓、大廈
0055,家賃,やちん,房租
0056,管理人,かんりにん,管理員
0057,住所,じゅうしょ,住址
0058,建てる,たてる,建造（他動詞）
0059,建つ,たつ,蓋好、建著（自動詞）
0060,立てる,たてる,立起、制定
0061,立つ,たつ,站立、樹立
0062,引越し,ひっこし,搬家
0063,移す,うつす,移動、搬遷（他動詞）
0064,移る,うつる,移動、搬遷（自動詞）
0065,自宅,じたく,自己的家
0066,お宅,おたく,府上、您家
0067,訪問,ほうもん,訪問、拜訪
0068,招待,しょうたい,招待、邀請
0069,近所,きんじょ,附近、鄰居
0071,玄関,げんかん,玄關
0072,入り口,いりぐち,入口
0073,かぎをかける,かぎをかける,鎖上（鎖）
0074,かぎがかかる,かぎがかかる,鎖著
0075,壁,かべ,牆壁
0076,廊下,ろうか,走廊
0077,台所,だいどころ,廚房
0078,水道,すいどう,自來水、水道
0079,ガス,がす,瓦斯、煤氣
0080,和室,わしつ,和室、日式房間
0081,畳,たたみ,榻榻米
0082,押し入れ,おしいれ,壁櫥
0083,布団,ふとん,棉被、被褥
0084,ガラス,がらす,玻璃
0085,カーテン,かーてん,窗簾
0086,隅,すみ,角落
0087,家具,かぐ,家具
0088,棚,たな,架子、櫥櫃
0089,組み立てる,くみたてる,組裝、組合
0090,引き出し,ひきだし,抽屜
0091,片付ける,かたづける,收拾、整理（他動詞）
0092,片付く,かたづく,被收拾、解決（自動詞）
0093,整理,せいり,整理
0096,花瓶,かびん,花瓶
0097,カレンダー,かれんだー,日曆、月曆
0098,ポスター,ぽすたー,海報
0099,飾る,かざる,裝飾
0100,貼る,はる,張貼
0101,絵をかける,えをかける,掛（畫）
0102,カレンダーがかかる,かれんだーがかかる,掛著（月曆）
0103,いすにかける,いすにかける,坐（椅子）
0104,暖房,だんぼう,暖氣
0105,上げる,あげる,提高、調高
0106,電源,でんげん,電源
0107,電気をつける,でんきをつける,打開（電燈）
0108,テレビがつく,てれびがつく,打開著（電視）
0109,消す,けす,關掉、擦掉
0110,消える,きえる,熄滅、消失
0113,早起き,はやおき,早起
0114,寝坊,ねぼう,睡過頭
0115,磨く,みがく,刷（牙）、擦亮
0116,ケータイ,けーたい,手機
0117,鳴る,なる,響
0118,ごみ,ごみ,垃圾
0119,瓶,びん,玻璃瓶
0120,缶,かん,鐵罐、鋁罐
0121,ペットボトル,ぺっとぼとる,寶特瓶
0123,出す,だす,拿出、倒（垃圾）
0124,出る,でる,出去、出來
0125,燃える,もえる,燃術、可燃
0126,石鹸,せっけん,肥皂
0127,シャンプー,しゃんぷー,洗頭
0128,洗濯機,せんたくき,洗衣機
0129,洗濯物,せんたくもの,要洗或洗好的衣物
0130,クリーニング,くりーにんぐ,送洗、洗衣店
0135,世話,せわ,照顧
0136,留守,るす,不在家、留守
0137,宅配便,たくはいびん,快遞、宅急便
0138,届く,とどく,送達、收到
0139,届ける,とどける,送到、遞送
0140,日記,にっき,日記
0141,眠る,ねむる,入睡、睡覺
0142,生活,せいかつ,生活
0143,暮らす,くらす,生活、度日
0145,小学校,しょうがっこう,小學
0146,中学校,ちゅうがっこう,中學
0147,高校,こうこう,高中
0148,幼稚園,ようちえん,幼稚園
0149,専門学校,せんもんがっこう,專門學校、職業學校
0150,入学,にゅうがく,入學
0151,卒業,そつぎょう,畢業
0152,教育,きょういく,教育
0153,生徒,せいと,學生（多指國高中生）
0155,始まる,はじまる,開始（自動詞）
0156,始める,はじめる,開始（他動詞）
0157,質問,しつもん,提問、詢問
0158,答える,こたえる,回答
0159,数学,すうがく,數學
0160,歴史,れきし,歷史
0161,地理,ちり,地理
0162,テキスト,てきすと,教科書、課本
0163,開く,ひらく,打開、翻開
0169,點,てん,分數、點
0170,丸,まる,圓圈、正確
0171,作文,さくぶん,作文
0172,勉強ができる,べんきょうができる,會、擅長（學習）
0173,易しい,やさしい,簡單的、容易的
0174,簡単な,かんたんな,簡單的
0175,間違える,まちがえる,搞錯、弄錯
0176,チェック,ちぇっく,檢查、確認
0177,熱心な,ねっしんな,熱心的、熱衷的
0178,優しい,やさしい,溫柔的
0179,厳しい,きびしい,嚴格的
0180,真面目な,まじめな,認真的
0181,偉い,えらい,偉大的、了不起的
0182,設備,せつび,設備
0184,大学生,だいがくせい,大學生
0185,受ける,うける,接受、參加（考試）
0186,受かる,うかる,考上、及格
0187,留学,りゅうがく,留學
0188,目的,もくてき,目的
0189,夢,ゆめ,夢想
0190,学部,がくぶ,學院、學系
0191,専門,せんもん,專業、專攻
0192,科学,かがく,科學
0193,医学,いがく,醫學
0194,文学,ぶんがく,文學
0195,法律,ほうりつ,法律
0196,講義,こうぎ,講義、上課、講座
0197,出席,しゅっせき,出席
0198,欠席,けっせき,缺席
0199,レポート,れぽーと,報告
0200,論文,ろんぶん,論文
0201,締め切り,しめきり,截止日期
0202,研究,けんきゅう,研究
0203,実験,じっけん,實驗
0204,まとめる,まとめる,整理、彙整
0205,ボランティア,ぼらんてぃあ,志工、志願者
0206,複雑な,ふくざつな,複雜的
0207,必要な,ひつような,必要的
0210,調べる,しらべる,調查、查閱
0211,確かめる,たしかめる,確認、核對
0212,予習,よしゅう,預習
0213,復習,ふくしゅう,複習
0214,思い出す,おもいだす,想起、回憶起
0215,塾,じゅく,補習班
0216,やる,やる,做、幹
0217,頑張る,がんばる,努力、堅持
0218,字,じ,字、文字
0219,振り仮名,ふりがな,振假名（漢字旁的注音假名）
0220,メモ,めも,備忘錄、筆記
0221,文法,ぶんぽう,文法
0222,説明,せつめい,說明
0223,発音,はつおん,發音
0224,会話,かいわ,會話、對話
0225,足す,たす,加上、添
0226,役に立つ,やくにたつ,有用、派上用場
0227,勉強中,べんきょうちゅう,學習中
0228,勤める,つとめる,服務、任職
0229,給料,きゅうりょう,薪水、薪資
0230,ボーナス,ぼーなす,獎金、紅利
0231,貯金,ちょきん,存錢、儲蓄
0232,受付,うけつけ,接待處、櫃檯
0233,名刺,めいし,名片
0234,営業,えいぎょう,營業、銷售業務
0235,挨拶,あいさつ,問候、打招呼
0236,会議,かいぎ,会議
0237,ミーティング,みーてぃんぐ,會議、商討會
0238,意見,いけん,意見
0239,アイディア,あいでぃあ,點子、想法
0240,スケジュール,すけじゅーる,日程表、行事曆
0241,出張,しゅっちょう,出差
0242,戻る,もどる,返回、回到
0243,戻す,もどす,放回、歸還
0244,本社,ほんしゃ,總公司
0245,社長,しゃちょう,總經理、社長
0246,ルール,るーる,規則
0247,規則,きそく,規則、法規
0248,決まる,きまる,決定、定下來（自動詞）
0249,決める,きめる,決定、固定（他動詞）
0250,許可,きょか,許可、批准
0251,はんこを押す,はんこをおす,蓋（印章）
0252,遅刻,ちこく,遲到
0253,技術,ぎじゅつ,技術
0254,パソコン,ぱそこん,個人電腦
0255,ソフト,そふと,軟體
0256,書類,しょるい,文件、公文
0257,ファイル,ふぁいる,資料夾、檔案
0258,入力,にゅうりょく,輸入（資料）
0259,翻訳,ほんやく,翻譯（筆譯）
0260,通訳,つうやく,口譯
0261,方法,ほうほう,方法
0262,仕方,しかた,做法、辦法
0263,慣れる,なれる,習慣、熟練
0264,うまくいく,うまくいく,進展順利
0265,成功,せいこう,成功
0266,頼む,たのむ,拜託、請求
0267,手伝う,てつだう,幫忙
0268,残業,ざんぎょう,加班
0269,無理な,むりな,勉強的、不可能的
0270,急ぐ,いそぐ,趕快、急忙
0271,昼休み,ひるやすみ,午休時間
0272,休憩,きゅうけい,休息
0273,忘年会,ぼうねんかい,忘年會（尾牙）
0274,公務員,こうむいん,公務員
0275,弁護士,べんごし,律師
0276,工場,こうじょう,工廠
0277,事務所,じむしょ,辦公室、事務所
0278,ガイドブック,がいどぶっく,旅遊指南、導覽書
0279,時刻表,じこくひょう,時刻表
0280,計画,けいかく,計劃
0281,遠く,とおく,遠處
0282,海外,かいがい,國外
0283,国内,こくない,國內
0284,景色,けしき,風景、景色
0285,お祭り,おまつり,祭典、節日
0286,花火,はなび,煙火
0287,連休,れんきゅう,連假
0288,お正月,おしょうがつ,新年、正月
0289,旅行社,りょこうしゃ,旅行社
0290,申し込む,もうしこむ,申請、報名
0291,シングル,しんぐる,單人（床）
0292,予約,よやく,預約、訂位
0293,支度,したく,準備、打扮
0294,空港,くうこう,機場
0295,両替,りょうがえ,換匯、兌換貨幣
0296,出発,しゅっぱつ,出發
0297,到着,到着,到達、抵達
0298,帰国,きこく,回國
0299,旅館,りょかん,旅館、日式客棧
0300,フロント,ふろんと,櫃檯、前台
0301,泊まる,とまる,住宿、過夜
0302,過ごす,すごす,度過（時間）
0303,経験,けいけん,經驗、經歷
0304,見物,けんぶつ,遊覽、參觀
0305,葉書,はがき,明信片
0306,和食,わしょく,日式料理
0307,洋食,ようしょく,西式料理
0308,ステーキ,すてーき,牛排
0309,ハンバーグ,はんばーぐ,漢堡排
0310,サラダ,さらだ,沙拉
0311,ケーキ,けーき,蛋糕
0312,メニュー,めにゅー,菜單
0313,食べ放題,たべほうだい,吃到飽
0314,注文,ちゅうもん,點餐、訂購
0315,ご馳走,ごちそう,款待、請客
0316,アルコール,あるこーる,酒精、酒類
0317,乾杯,かんぱい,乾杯
0318,酔う,よう,喝醉、暈（車）
0319,醤油,しょうゆ,醬油
0320,ソース,そーす,醬汁、調味汁
0321,しょうゆをつける,しょうゆをつける,沾（醬油）
0322,味,あじ,味道
0323,味がうすい,あじがうすい,（味道）清淡
0324,味がこい,あじがこい,（味道）濃郁
0325,苦い,にがい,苦的
0326,匂い,におい,氣味、香味
0327,噛む,かむ,咀嚼、咬
0328,量,りょう,份量、數量
0329,残す,のこす,留下、剩餘（他動詞）
0330,残る,のこる,留下、剩餘（自動詞）
0331,チャレンジ,ちゃれんじ,挑戰
0332,材料,ざいりょう,材料、食材
0333,半分,はんぶん,一半
0334,測る,はかる,測量、稱重
0335,混ぜる,まぜる,攪拌、混合
0336,道具,どうぐ,工具、器具
0337,鍋,なべ,鍋子
0338,蓋,ふた,蓋子
0339,お皿,おさら,盤子
0340,茶碗,ちゃわん,碗、茶碗
0341,用意,ようい,準備
0342,並ぶ,ならぶ,排隊、排列（自動詞）
0343,並べる,ならべる,排列、擺放（他動詞）
0344,火,ひ,火、火候
0345,焼く,やく,烤、煎（他動詞）
0346,焼ける,やける,烤熟、燒焦（自動詞）
0347,薬缶,やかん,水壺
0348,沸かす,わかす,燒開（水）
0349,温める,あたためる,加熱、弄熱
0350,冷やす,ひやす,冷藏、冰鎮
0351,お茶を入れる,おちゃを入れる,泡（茶）、倒（茶）
0352,腐る,くさる,腐爛、變質
0353,捨てる,すてる,丟棄
0354,お米,おこめ,生米
0355,お弁当,おべんとう,便當
0356,おかず,おかず,配菜
0357,インスタント食品,いんすたんとしょくひん,即食食品、泡麵
0358,缶詰,かんづめ,罐頭
0359,家事,かじ,家務
0360,値段,ねだん,價格
0361,上がる,あがる,上漲、上升
0362,バーゲン,ばーげん,特價特賣會
0363,割引,わりびき,折扣
0364,無料,むりょう,免費
0365,有料,ゆうりょう,收費、付費
0366,財布,さいふ,錢包
0367,レジ,れじ,收銀檯
0368,計算,けいさん,計算
0369,店員,てんいん,店員
0370,数える,かぞえる,數數、計算
0371,払う,はらう,付錢
0372,サイン,さいん,簽名
0373,足りる,たりる,足夠
0374,お釣り,おつり,找零
0375,レシート,れしーと,發票、收據
0376,領収書,りょうしゅうしょ,正式收據
0377,袋,ふくろ,袋子
0378,取り替える,とりかえる,更換、調換
0379,探す,さがす,尋找
0380,選ぶ,えらぶ,挑選
0381,包む,つつむ,包裹、包裝
0382,お金を下ろす,おかねをおろす,領（錢）
0383,売れる,うれる,暢銷、賣得好
0384,食料品,しょくりょうひん,食品、食品雜貨
0385,おもちゃ,おもちゃ,玩具
0386,パンフレット,ぱんふれっと,小冊子、導覽手冊
0387,日本製,にほんせい,日本製造
0388,本物,ほんもの,真品、正牌
0389,場所,ばしょ,地點
0390,駅前,えきまえ,車站前
0391,交番,こうばん,派出所
0392,市役所,しやくしょ,市政府
0393,バス停,ばすてい,公車站
0394,広場,ひろば,廣場
0395,城,しろ,城堡
0396,神社,じんじゃ,神社
0397,教会,きょうかい,教會
0398,港,みなと,港口
0399,動物園,どうぶつえん,動物園
0400,美術館,びじゅつかん,美術館
0401,遊園地,ゆうえんち,遊樂園
0402,スキー場,すきーじょう,滑雪場
0403,温泉,おんせん,溫泉
0404,駐車場,ちゅうしゃじょう,停車場
0405,屋上,おくじょう,頂樓、屋頂
0406,地下,ちか,地下
0407,田舎,いなか,鄉下
0408,郊外,こうがい,郊區
0409,方言,ほうげん,方言
0410,禁煙,きんえん,禁菸
0411,立入禁止,たちいりきんし,禁止進入
0412,通り,とおり,馬路、街道
0413,右側,みぎがわ,右側
0414,間,あいだ,之間、中間
0415,真ん中,まんなか,正中間
0416,向こう,むこう,對面、那邊
0417,尋ねる,たずねる,詢問、打聽
0418,寄る,よる,順道造訪、靠近
0419,ビルができる,びるができる,（大樓）蓋好、落成
0420,天気予報,てんきよほう,天氣預報
0421,青空,あおぞら,藍天
0422,晴れる,はれる,放晴
0423,曇り,くもり,陰天
0424,風,かぜ,風
0425,吹く,ふく,（風）吹
0426,やむ,やむ,（雨、風）停止
0427,台風,たいふう,颱風
0428,雷,かみなり,雷、雷電
0429,レインコート,れいんこーと,雨衣
0430,かさをさす,かさをさす,撐（傘）
0431,濡れる,ぬれる,淋濕
0432,波,なみ,波浪
0433,気温,きおん,氣溫
0434,冷える,ひえる,變冷、變涼（自動詞）
0435,比べる,くらべる,比較
0436,地震,じしん,地震
0437,津波,つなみ,海嘯
0438,太陽,たいよう,太陽
0439,空,そら,天空
0440,月,つき,月亮
0441,星,ほし,星星
0442,光る,ひかる,發光、閃爍
0443,空気,くうき,空氣
0444,宇宙,うちゅう,宇宙
0445,島,しま,島嶼
0446,海岸,かいがん,海岸
0447,林,はやし,樹林
0448,湖,みずうみ,湖泊
0449,池,いけ,池塘
0450,虫,むし,昆蟲
0451,鳥,とり,鳥類
0452,季節,きせつ,季節
0453,紅葉,こうよう,紅葉、楓葉
0454,お花見,おはなみ,賞花（特指賞櫻）
0455,咲く,さく,開花
0456,葉,は,葉子
0457,枝,えだ,樹枝
0458,折れる,おれる,折斷（自動詞）
0459,折る,おる,折斷、對折（他動詞）
0460,植える,うえる,種植
0461,新幹線,しんかんせん,新幹線
0462,急行,きゅうこう,急行列車
0463,夜行バス,やこうばす,深夜長途巴士
0464,自動車,じどうしゃ,汽車
0465,オートバイ,おーとばい,摩托車、機車
0466,船,ふね,船
0467,交通,こうつう,交通
0468,利用,りよう,利用、使用
0469,降りる,おりる,下車、走下
0470,乗り換える,のりかえる,轉乘、換車
0471,ラッシュ,らっしゅ,尖峰時間、上下班熱潮
0472,混む,こむ,擁擠
0473,空く,すく,空、不擁擠
0474,通る,とおる,通過、經過
0475,過ぎる,すぎる,通過、過度
0476,開く,ひらく,開放、開辦
0477,開ける,あける,打開（他動詞）
0478,閉まる,しまる,關閉（自動詞）
0479,閉める,しめる,關閉（他動詞）
0480,運転手,うんてんしゅ,司機
0481,お客さん,おきゃくさん,乘客、顧客
0482,席,せき,座位
0483,大人,おとな,成人
0484,お年寄り,おとしより,長者、老人
0485,進む,すすむ,前進、進展
0486,向かう,むかう,朝向、前往
0487,止める,とめる,停下、制止（他動詞）
0488,止まる,とまる,停下來（自動詞）
0489,運ぶ,はこぶ,搬運
0490,操作,そうさ,操作
0491,回す,まわす,旋轉、轉動
0492,事故,じこ,事故、車禍
0493,事故にあう,じこにあう,遭遇（事故）
0494,ぶつかる,ぶつかる,撞上、碰撞
0495,滑る,すべる,滑、滑倒
0496,安全な,あんぜんな,安全的
0497,危険な,きけんな,危險的
0498,注意,ちゅうい,注意、小心
0499,赤ちゃん,あかちゃん,嬰兒
0500,故障,こしょう,故障
0501,途中,とちゅう,途中
0502,行き,いき,去程、往...
0503,帰り,かえり,回程
0504,ガソリン,がそりん,汽油
0505,エンジン,えんじん,引擎
0506,信号,しんごう,紅綠燈、信號
0507,矢印,やじるし,箭頭符號
0508,キロ,きろ,公里、公斤
0509,人口,じんこう,人口
0510,億,おく,億
0511,経済,けいざい,經濟
0512,貿易,ぼうえき,貿易
0513,輸出,ゆしゅつ,出口
0514,輸入,ゆにゅう,進口
0515,原料,げんりょう,原料
0516,石油,せきゆ,石油
0517,物価,ぶっか,物價
0518,政治,せいじ,政治
0519,首相,しゅしょう,首相、總理
0520,大統領,だいとうりょう,總統
0521,平和な,へいわな,和平的
0522,戦争,せんそう,戰爭
0523,文化,ぶんか,文化
0524,世界遺産,せかいいさん,世界遺產
0525,世紀,せいき,世紀
0526,時代,じだい,時代、時期
0527,国際,こくさい,國際
0528,世界中,せかいじゅう,全世界
0529,メール,めーる,電子郵件
0530,返事,へんじ,回信、回覆
0531,知り合う,しりあう,結識、認識
0532,紹介,しょうかい,介紹
0533,合う,あう,合適、相合
0534,相談,そうだん,商量、諮詢
0535,賛成,さんせい,贊成
0536,反対,はんたい,反對
0537,訪ねる,たずねる,拜訪、訪問
0538,案内,あんない,嚮導、導覽、引路
0539,あげる,あげる,給（我給他人、他人給他人）
0540,くれる,くれる,給（他人給我或我家人）
0541,もらう,もらう,拿到、得到、收到
0542,贈る,おくる,贈送
0543,贈り物,おくりもの,禮物
0544,お祝い,おいわい,祝賀、賀禮
0545,渡す,わたす,遞交、交給
0546,喜ぶ,よろこぶ,高興、歡喜
0547,おかげ,おかげ,多虧、託福
0548,感謝,かんしゃ,感謝
0549,お礼,おれい,謝禮、致謝
0550,謝る,あやまる,道歉
0551,遠慮,えんりょ,客氣、婉拒
0552,気づく,きづく,注意到、發現
0553,親友,しんゆう,摯友、好朋友
0554,先輩,せんぱい,前輩
0555,彼ら,かれら,他們
0556,みんな,みんな,大家
0557,人気,にんき,受歡迎、人氣
0558,デート,でーと,約會
0559,付き合う,つきあう,交往、陪伴
0560,連れて行く,つれていく,帶去
0561,連れて来る,つれてくる,帶來
0562,お見合い,おみあい,相親
0563,婚約,こんやく,訂婚
0564,結婚,けっこん,結婚
0565,知らせる,しらせる,通知、告知
0566,合図,あいず,暗號、信號
0567,喧嘩,けんか,吵架、打架
0568,うそ,うそ,謊言
0569,別れる,わかれる,分手、分別
0570,邪魔な,じゃまな,打擾、妨礙
0571,彼,かれ,他、男朋友
0572,彼女,かのじょ,她、女朋友
0573,きみ,きみ,你（常用於上對下或親近之人）
0574,ぼく,ぼく,我（男性自稱）
0575,独身,どくしん,獨身、未婚
0576,関係,かんけい,關係
0577,大事な,だいじな,重要的、珍貴的
0578,特別な,とくべつな,特別的
0579,困る,こまる,為難、困擾
0580,忘れ物,わすれもの,遺忘的物品
0581,なくなる,なくなる,丟失、沒有了
0582,なくす,なくす,遺失、弄丟（他動詞）
0583,落とす,おとす,弄丟、使掉落（他動詞）
0584,落ちる,おちる,掉落（自動詞）
0585,壊れる,こわれる,壞掉（自動詞）
0586,直す,なおす,修理、改正
0587,破れる,やぶれる,撕裂、破掉（自動詞）
0588,破る,やぶる,撕毀、打破（他動詞）
0589,汚す,よごす,弄髒（他動詞）
0590,汚れる,よごれる,變髒（自動詞）
0591,割る,わる,打破、打碎（他動詞）
0592,割れる,われる,破裂（自動詞）
0593,音,おと,聲音、音響
0594,騒ぐ,さわぐ,喧嚷、吵鬧
0595,うるさい,うるさい,吵鬧的、煩人的
0596,泥棒,どろぼう,小偷
0597,盗む,ぬすむ,偷竊
0598,捕まえる,つかまえる,抓住、逮捕
0599,いじめる,いじめる,欺負
0600,触る,さわる,觸摸
0601,踏む,ふむ,踩、踏
0602,理由,りゆう,理由
0603,原因,げんいん,原因
0604,110番,ひゃくとおばん,110報警電話
0605,非常口,ひじょうぐち,緊急出口
0606,逃げる,にげる,逃跑
0607,いやな,いやな,討厭的、不願意的
0608,だめな,だめな,不行的、無用的
0609,いけない,いけない,不行的、糟糕的
0610,釣り,つり,釣魚
0611,山登り,やまのぼり,登山
0612,キャンプ,きゃんぷ,露營
0613,漫画,まんが,漫畫
0614,アニメ,あにめ,動畫
0615,イラスト,いらすと,插圖
0616,ゲーム,げーむ,遊戲
0617,茶道,さどう,茶道
0618,歌舞伎,かぶき,歌舞伎
0619,踊り,おどり,舞蹈
0620,ドラマ,どらま,電視劇
0621,俳優,はいゆう,演員
0622,曲,きょく,歌曲、樂曲
0623,クラシック,くらしっく,古典音樂
0624,コンサート,こんさーと,音樂會、演唱會
0625,小説,しょうせつ,小說
0626,料理教室,料理教室,料理教室
0627,コンテスト,こんてすと,比賽、競賽
0628,楽しむ,たのしむ,享受、欣賞
0629,楽しみな,たのしみな,期待、樂趣
0630,興味,きょうみ,興趣
0631,録画,ろくが,錄影
0632,集める,あつめる,收集、聚集
0633,運動,うんどう,運動
0634,走る,はしる,跑
0635,歩く,あるく,走
0636,ジョギング,じょぎんぐ,慢跑
0637,伸ばす,のばす,伸展、拉長
0638,試合,しあい,比賽
0639,大会,たいかい,大會、大型比賽
0640,ワールドカップ,わーるどかっぷ,世界盃
0641,行う,おこなう,舉行、進行
0642,中止,ちゅうし,中止、取消
0643,選手,せんしゅ,選手、運動員
0644,チーム,ちーむ,隊伍、團隊
0645,勝つ,かつ,贏、獲勝
0646,優勝,ゆうしょう,冠軍、優勝
0647,負ける,まける,輸、失敗
0648,応援,おうえん,應援、加油
0649,コース,こーす,路線、跑道
0650,会場,かいじょう,會場
0651,スタート,すたーと,起跑、開始
0652,失敗,しっぱい,失敗
0653,柔道,じゅうどう,柔道
0654,水泳,すいえい,游泳
0655,野球,やきゅう,棒球
0656,投げる,なげる,投、扔
0657,スポーツクラブ,すぽーつくらぶ,運動俱樂部、健身房
0658,髪,かみ,頭髮
0659,おでこ,おでこ,額頭
0660,あご,あご,下巴
0661,ひげ,ひげ,鬍鬚
0662,唇,くちびる,嘴唇
0663,首,くび,脖子
0664,喉,のど,喉嚨
0665,肩,かた,肩膀
0666,腕,うで,手臂
0667,肘,ひじ,手肘
0668,背中,背中,背部
0669,胃,い,胃
0670,腰,こし,腰
0671,膝,ひざ,膝蓋
0672,お尻,おしり,屁股
0673,指,ゆび,手指
0674,爪,つめ,指甲
0675,骨,ほね,骨頭
0676,血,ち,血液
0677,力,ちから,力量
0678,身長,しんちょう,身高
0679,体重,たいじゅう,體重
0680,女性,じょせい,女性
0681,男性,だんせい,男性
0682,丈夫な,じょうぶな,結實的、強壯的
0683,健康な,けんこうな,健康的
0684,ビタミン,びたみん,維他命
0685,太る,ふとる,變胖
0686,やせる,やせる,變瘦
0687,ダイエット,だいえっと,減肥
0688,やめる,やめる,停止、放棄
0689,気をつける,きをつける,小心、注意
0690,のどがかわく,のどがかわく,口渴
0691,おなかがすく,おなかがすく,肚子餓
0692,インフルエンザ,いんふるえんざ,流感
0693,風邪をひく,かぜをひく,感冒
0694,熱,ねつ,發燒、熱度
0695,体温計,たいおんけい,體溫計
0696,やけど,やけど,燙傷
0697,怪我,けが,受傷
0698,傷,きず,傷口、疤痕
0699,調子,ちょうし,身體狀況、情況
0700,おかしい,おかしい,奇怪的、不正常的
0701,具合,ぐあい,情況、身體健康狀態
0702,気持ちが悪い,きもちがわるい,不舒服、噁心的
0703,倒れる,たおれる,倒下
0704,診る,みる,診斷、看病
0705,横になる,よこになる,躺下、橫臥
0706,塗る,ぬる,塗抹
0707,治す,なおす,治療、醫治（他動詞）
0708,治る,なおる,痊癒、康復（自動詞）
0709,入院,にゅういん,住院
0710,退院,たいいん,出院
0711,お見舞い,おみあい,探病
0712,生きる,いきる,生存、活著
0713,亡くなる,なくなる,去世、死亡
0714,救急車,きゅうきゅうしゃ,救護車
0715,歯医者,はいしゃ,牙醫
0716,看護師,かんごし,護理師
0717,スーツ,すーつ,西裝
0718,着物,きもの,和服
0719,靴下,くつした,襪子
0720,下着,したぎ,內衣物
0721,手袋,てぶくろ,手套
0722,指輪,ゆびわ,戒指
0723,サンダル,さんだる,涼鞋
0724,リュック,りゅっく,雙肩背包
0725,アクセサリー,あくせさりー,飾品、配件
0726,ポケット,ぽけっと,口袋
0727,紐,ひも,繩子、帶子
0728,髪型,かみがた,髮型
0729,美容院,びよういん,美容院
0730,カット,かっと,剪髮
0731,鏡,かがみ,鏡子
0732,かっこいい,かっこいい,帥氣的
0733,かわいい,かわいい,可愛的
0734,ちょうどいい,ちょうどいい,剛好、正合適
0735,様子,ようす,樣子、情況
0736,形,かたち,形狀
0737,倍,ばい,倍、加倍
0738,以上,いじょう,以上
0739,以下,いか,以下
0740,以内,いない,以內
0741,以外,いがい,以外
0742,両方,りょうほう,雙方、兩者
0743,暇な,ひまな,空閒的
0744,普通な,ふつうな,普通的
0745,自由な,じゆうな,自由的
0746,丁寧な,ていねいな,有禮貌的、鄭重的
0747,大きな,おおきな,大的（連體詞）
0748,小さな,ちいさな,小的（連體詞）
0749,変な,へんな,奇怪的
0750,十分な,じゅうぶんな,充分的、足夠的
0752,汚い,きたない,髒的
0753,うまい,うまい,美味的、厲害的
0754,柔らかい,やわらかい,柔軟的
0755,硬い,かたい,硬的
0756,詳しい,くわしい,詳細的、精通的
0757,細かい,こまかい,細小的、零碎的
0758,怖い,こわい,害怕的、恐怖的
0759,すごい,すごい,厲害的、了不起的
0760,素晴らしい,すばらしい,精彩的、極好的
0761,正しい,ただしい,正確的
0762,酷い,ひどい,過份的、差勁的
0763,太い,ふとい,粗的
0764,細い,ほそい,細的
0765,厚い,あつい,厚的
0766,浅い,あさい,淺的
0767,深い,ふかい,深的
0768,眠い,ねむい,想睡的
0769,珍しい,めずらしい,罕見的、珍奇的
0770,増える,ふえる,增加（自動詞）
0771,増やす,ふやす,增加（他動詞）
0772,減る,へる,減少（自動詞）
0773,減らす,へらす,減少（他動詞）
0774,違う,ちがう,不同、錯誤
0775,変える,かえる,改變（他動詞）
0776,変わる,かわる,改變（自動詞）
0777,見える,みえる,看得見（自然映入眼簾）
0778,聞こえる,きこえる,聽得見
0779,空く,あく,空出、空著
0780,外れる,はずれる,脫落、脫離
0781,切れる,きれる,斷開、用盡
0782,新聞社,しんぶんしゃ,新聞社、報社
0783,テレビ局,てれびきょく,電視台
0784,番組,ばんぐみ,節目
0785,ネットニュース,ねっとにゅーす,網路新聞
0786,情報,じょうほう,情報、消息、資訊
0787,データ,でーた,數據、資料
0788,キーワード,きーわーど,關鍵字
0789,放送,ほうそう,廣播、播放
0790,伝える,つたえる,傳達、告訴
0791,火事,かじ,火災
0792,事故が起こる,じこがおこる,發生（事故）
0793,発見,はっけん,發現
0794,見つかる,みつかる,被發現、找到（自動詞）
0795,見つける,みつける,尋找、找到（他動詞）
0796,発表,はっぴょう,發表、公布
0797,スピーチ,すぴーち,演講
0798,続く,つづく,繼續（自動詞）
0799,続ける,つづける,繼續（他動詞）
0800,約束,やくそく,約定、承諾
0801,約束を守る,やくそくを守る,守約
0802,約束をやぶる,やくそくをやぶる,違約、打破約定
0803,間に合う,まニアう,來得及
0804,遅れる,おくれる,遲到、耽誤
0805,キャンセル,きゃんせる,取消
0806,わけ,わけ,原因、理由、含意
0807,誘う,さそう,邀請、約
0808,連絡,れんらく,聯繫、聯絡
0809,電話がある,でんわがある,有電話（打來）
0810,食事,しょくじ,用餐
0811,参加,さんか,參加
0812,都合,つごう,方便與否、情況
0813,予定,よてい,計畫、行程
0814,相手,あいて,對方
0815,機会,きかい,機會
0816,うれしい,うれしい,高興的
0817,笑う,わらう,笑
0818,幸せな,しあわせな,幸福的
0819,楽な,らくな,輕鬆的、舒適的
0820,安心な,あんしんな,安心
0821,信じる,しんじる,相信
0822,祈る,いのる,祈禱
0823,悲しい,かなしい,悲傷的
0824,寂しい,さびしい,寂寞的
0825,泣く,なく,哭泣
0826,涙,なみだ,眼淚
0827,心配な,しんぱいな,擔心
0828,つまらない,つまらない,無聊的
0829,がっかり,がっかり,失望
0830,諦める,あきらめる,放棄
0831,緊張,きんちょう,緊張
0832,恥ずかしい,はずかしい,害羞的、丟臉的
0833,びっくり,びっくり,吃驚、嚇一跳
0834,驚く,おどろく,驚訝
0835,怒る,おこる,生氣
0836,気分,きぶん,心情、身體狀態
0837,気分が悪い,きぶんがわるい,身體不適、心情不好
0838,心,こころ,心、心靈
0839,ストレス,すとれす,壓力
0840,ホームシック,ほーむしっく,想家、思鄉病
0841,必ず,かならず,務必、一定
0842,きっと,きっと,一定、想必
0843,しっかり,しっかり,好好地、扎實地
0844,きちんと,きちんと,整潔地、端正地
0845,ちゃんと,ちゃんと,好好地、規矩地
0846,絶対に,ぜったいに,絕對
0847,是非,ぜひ,務必、一定要
0848,できるだけ,できるだけ,盡量、盡可能
0849,はっきり,はっきり,清楚地、明確地
0850,ずいぶん,ずいぶん,相當、非常
0851,かなり,かなり,相當、頗
0852,だいぶ,だいぶ,很、相當
0853,もっと,もっと,更、更加
0854,大体,だいたい,大約、大概
0855,大抵,たいてい,大抵、通常
0856,たまに,たまに,偶爾
0857,全然,ぜんぜん,完全不（後接否定）
0858,決して,けっして,決不（後接否定）
0859,ちっとも,ちっとも,一點也不（後接否定）
0860,まだ,まだ,還、尚
0861,ほとんど,ほとんど,幾乎
0862,なかなか,なかなか,相當、不容易（後接否定時）
0863,急に,きゅうに,突然
0864,しばらく,しばらく,一陣子、暫時
0865,ずっと,ずっと,一直、得多
0866,そのまま,そのまま,就那樣、照原樣
0867,そろそろ,そろそろ,差不多該...
0868,とうとう,とうとう,終於、到頭來
0869,やっと,やっと,好不容易、終於
0870,確か,たしか,確實、大概
0871,どうも,どうも,總覺得、實在、謝謝
0872,例えば,たとえば,例如
0873,直接,ちょくせつ,直接
0874,特に,とくに,特別、尤其
0875,どんどん,どんどん,接連不斷地、順利地
0876,なるほど,なるほど,原來如此
0877,初めて,はじめて,第一次
0878,初めに,はじめに,首先
0879,もし,もし,如果
0880,もちろん,もちろん,當然
0881,やはり,やはり,果然、還是
0882,実は,じつは,事實上、其實
0883,いかが,いかが,如何、怎麼樣
0884,一生懸命,いっしょうけんめい,拼命地、努力地
0885,大勢,おおぜい,許多人
0886,だから,だから,所以
0887,それで,それで,因此、後來
0888,または,交代,或者
0889,それに,それに,而且、再加上
0890,そのうえ,そのうえ,而且、加上
0891,すると,すると,於是、接著
0892,けれども,けれども,雖然...但是
0893,それなら,それなら,如果是那樣的話
0894,ところで,ところで,話說回來、順便一提
